date,book_id,book_name,author,collection_count,daily_growth
2026-03-24,9652162,真假少爷的豪门偏执妈[八零],斐侧,603,0
2026-03-24,9456285,你就那么喜欢他？,玖宝,889,0
2026-03-24,9852102,被卧底目标强制喜欢了,念轻弦,1399,0
2026-03-24,8943151,幕后热吻[破镜重圆],晓鱼干,871,0
2026-03-24,10269620,病美人被Daddy娇养后,elevenam,633,0
2026-03-24,10304559,钓系Omega总想占有我,春归昼,2962,0
2026-03-24,9773492,寻真,红酒杯里装狗血,3600,0
2026-03-24,9121068,娇妻决定离婚了,柚子猫,2082,0
2026-03-24,9628524,捡到仇人的小妻子后,栖止不定,2561,0
2026-03-24,7328988,七零觉醒，缺德上大分,半秋山月,1366,0
2026-03-25,10304559,钓系Omega总想占有我,春归昼,3615,653
2026-03-25,9773492,寻真,红酒杯里装狗血,3600,0
2026-03-25,9628524,捡到仇人的小妻子后,栖止不定,3965,1404
2026-03-25,7328988,七零觉醒，缺德上大分,半秋山月,1520,154
2026-03-25,9773492,寻真,红酒杯里装狗血,5511,1911
2026-03-25,9121068,娇妻决定离婚了,柚子猫,5770,3688
2026-03-25,9628524,捡到仇人的小妻子后,栖止不定,4087,1526
2026-03-25,7328988,七零觉醒，缺德上大分,半秋山月,1569,203
2026-03-26,10304559,钓系Omega总想占有我,春归昼,3882,267
2026-03-26,9773492,寻真,红酒杯里装狗血,5511,1911
2026-03-26,9121068,娇妻决定离婚了,柚子猫,5776,6
2026-03-26,9628524,捡到仇人的小妻子后,栖止不定,4110,145
2026-03-26,7328988,七零觉醒，缺德上大分,半秋山月,1581,61
2026-03-27,10304559,钓系Omega总想占有我,春归昼,3991,109
2026-03-27,9121068,娇妻决定离婚了,柚子猫,5884,108
2026-03-27,9628524,捡到仇人的小妻子后,栖止不定,4219,109
2026-03-27,7328988,七零觉醒，缺德上大分,半秋山月,1602,21
2026-03-28,10304559,钓系Omega总想占有我,春归昼,4067,76
2026-03-28,9773492,寻真,红酒杯里装狗血,5727,0
2026-03-28,9121068,娇妻决定离婚了,柚子猫,5976,92
2026-03-28,9628524,捡到仇人的小妻子后,栖止不定,4282,63
2026-03-28,7328988,七零觉醒，缺德上大分,半秋山月,1634,32
2026-03-29,10304559,钓系Omega总想占有我,春归昼,4212,145
2026-03-29,9773492,寻真,红酒杯里装狗血,5727,0
2026-03-29,9121068,娇妻决定离婚了,柚子猫,6046,70
2026-03-29,9628524,捡到仇人的小妻子后,栖止不定,4478,196
2026-03-29,7328988,七零觉醒，缺德上大分,半秋山月,1652,18
2026-03-30,9773492,寻真,红酒杯里装狗血,5896,169
2026-03-30,9628524,捡到仇人的小妻子后,栖止不定,4538,60
2026-03-30,7328988,七零觉醒，缺德上大分,半秋山月,1705,53
2026-03-31,10304559,钓系Omega总想占有我,春归昼,4338,0
2026-03-31,9773492,寻真,红酒杯里装狗血,6003,107
2026-03-31,9121068,娇妻决定离婚了,柚子猫,6191,0
2026-03-31,9628524,捡到仇人的小妻子后,栖止不定,4638,100
2026-03-31,7328988,七零觉醒，缺德上大分,半秋山月,1733,28
2026-04-01,10304559,钓系Omega总想占有我,春归昼,4412,74
2026-04-01,9773492,寻真,红酒杯里装狗血,6003,0
2026-04-01,9121068,娇妻决定离婚了,柚子猫,6223,32
2026-04-01,9628524,捡到仇人的小妻子后,栖止不定,4688,50
2026-04-01,7328988,七零觉醒，缺德上大分,半秋山月,1747,14
2026-04-02,10304559,钓系Omega总想占有我,春归昼,4440,28
2026-04-02,9773492,寻真,红酒杯里装狗血,6187,184
2026-04-02,9121068,娇妻决定离婚了,柚子猫,6238,15
2026-04-02,9628524,捡到仇人的小妻子后,栖止不定,4724,36
2026-04-02,7328988,七零觉醒，缺德上大分,半秋山月,1759,12
2026-04-04,9121068,娇妻决定离婚了,柚子猫,6288,0
2026-04-05,10304559,钓系Omega总想占有我,春归昼,4871,0
2026-04-05,9773492,寻真,红酒杯里装狗血,6290,0
2026-04-05,9121068,娇妻决定离婚了,柚子猫,6341,53
2026-04-05,9628524,捡到仇人的小妻子后,栖止不定,4861,0
2026-04-05,7328988,七零觉醒，缺德上大分,半秋山月,2000,0
2026-04-06,10304559,钓系Omega总想占有我,春归昼,5085,214
2026-04-06,9773492,寻真,红酒杯里装狗血,6330,40
2026-04-06,9121068,娇妻决定离婚了,柚子猫,6368,27
2026-04-06,9628524,捡到仇人的小妻子后,栖止不定,4871,10
2026-04-07,10304559,钓系Omega总想占有我,春归昼,5289,204
2026-04-07,9773492,寻真,红酒杯里装狗血,6330,0
2026-04-07,9628524,捡到仇人的小妻子后,栖止不定,5043,172
2026-04-07,7328988,七零觉醒，缺德上大分,半秋山月,2203,0
2026-04-08,10304559,钓系Omega总想占有我,春归昼,5414,125
2026-04-08,9773492,寻真,红酒杯里装狗血,6330,0
2026-04-08,9628524,捡到仇人的小妻子后,栖止不定,5212,169
2026-04-08,7328988,七零觉醒，缺德上大分,半秋山月,2279,76
2026-04-09,10304559,钓系Omega总想占有我,春归昼,5522,108
2026-04-09,9773492,寻真,红酒杯里装狗血,6330,0
2026-04-09,9121068,娇妻决定离婚了,柚子猫,6506,0
2026-04-09,9628524,捡到仇人的小妻子后,栖止不定,5276,64
2026-04-09,7328988,七零觉醒，缺德上大分,半秋山月,2399,120
2026-04-10,10304559,钓系Omega总想占有我,春归昼,5641,119
2026-04-10,9773492,寻真,红酒杯里装狗血,6330,0
2026-04-10,9121068,娇妻决定离婚了,柚子猫,6563,57
2026-04-10,9628524,捡到仇人的小妻子后,栖止不定,5355,79
2026-04-11,9773492,寻真,红酒杯里装狗血,6330,0
2026-04-11,9121068,娇妻决定离婚了,柚子猫,6630,67
2026-04-11,9628524,捡到仇人的小妻子后,栖止不定,5393,38
2026-04-11,7328988,七零觉醒，缺德上大分,半秋山月,2841,0
2026-04-12,9773492,寻真,红酒杯里装狗血,6487,157
2026-04-12,9121068,娇妻决定离婚了,柚子猫,6682,52
2026-04-12,9628524,捡到仇人的小妻子后,栖止不定,5427,34
2026-04-12,7328988,七零觉醒，缺德上大分,半秋山月,2967,126
2026-04-13,10304559,钓系Omega总想占有我,春归昼,5844,0
2026-04-13,9773492,寻真,红酒杯里装狗血,6519,32
2026-04-13,9121068,娇妻决定离婚了,柚子猫,6741,59
2026-04-13,9628524,捡到仇人的小妻子后,栖止不定,5485,58
2026-04-13,7328988,七零觉醒，缺德上大分,半秋山月,3248,281
2026-04-14,10304559,钓系Omega总想占有我,春归昼,5884,40
2026-04-14,9773492,寻真,红酒杯里装狗血,6519,0
2026-04-14,9121068,娇妻决定离婚了,柚子猫,6790,49
2026-04-14,9628524,捡到仇人的小妻子后,栖止不定,5518,33
2026-04-25,10304559,钓系Omega总想占有我,春归昼,6349,0
2026-04-25,9773492,寻真,红酒杯里装狗血,6952,0
2026-04-25,9628524,捡到仇人的小妻子后,栖止不定,6039,0
2026-04-25,7328988,七零觉醒，缺德上大分,半秋山月,6013,0
2026-04-26,10304559,钓系Omega总想占有我,春归昼,6540,191
2026-04-26,9773492,寻真,红酒杯里装狗血,6958,6
2026-04-26,9121068,娇妻决定离婚了,柚子猫,7014,0
2026-04-26,9628524,捡到仇人的小妻子后,栖止不定,6358,319
2026-04-26,7328988,七零觉醒，缺德上大分,半秋山月,6295,282
2026-04-27,10304559,钓系Omega总想占有我,春归昼,6722,182
2026-04-27,9773492,寻真,红酒杯里装狗血,6704,-254
2026-04-28,10304559,钓系Omega总想占有我,春归昼,6843,121
2026-04-28,9773492,寻真,红酒杯里装狗血,7038,334
2026-04-28,9121068,娇妻决定离婚了,柚子猫,7014,0
2026-04-28,9628524,捡到仇人的小妻子后,栖止不定,6648,0
2026-04-28,7328988,七零觉醒，缺德上大分,半秋山月,6801,0
2026-04-29,10304559,钓系Omega总想占有我,春归昼,6993,150
2026-04-29,9773492,寻真,红酒杯里装狗血,7038,0
2026-04-29,9121068,娇妻决定离婚了,柚子猫,7349,335
2026-04-29,9628524,捡到仇人的小妻子后,栖止不定,6800,152
2026-04-29,7328988,七零觉醒，缺德上大分,半秋山月,7003,202
2026-04-30,10304559,钓系Omega总想占有我,春归昼,7227,234
2026-04-30,9121068,娇妻决定离婚了,柚子猫,7014,-335
2026-04-30,9628524,捡到仇人的小妻子后,栖止不定,7097,297
2026-05-01,9773492,寻真,红酒杯里装狗血,7038,0
2026-05-01,9121068,娇妻决定离婚了,柚子猫,7391,377
2026-05-01,7328988,七零觉醒，缺德上大分,半秋山月,7355,0
2026-05-02,10304559,钓系Omega总想占有我,春归昼,7518,0
2026-05-02,9773492,寻真,红酒杯里装狗血,7059,21
2026-05-02,9121068,娇妻决定离婚了,柚子猫,7397,6
2026-05-02,7328988,七零觉醒，缺德上大分,半秋山月,7525,170
2026-05-03,9773492,寻真,红酒杯里装狗血,7128,69
2026-05-03,9121068,娇妻决定离婚了,柚子猫,7407,10
2026-05-03,9628524,捡到仇人的小妻子后,栖止不定,7387,0
2026-05-04,10304559,钓系Omega总想占有我,春归昼,7825,0
2026-05-04,9773492,寻真,红酒杯里装狗血,7038,-90
2026-05-04,9121068,娇妻决定离婚了,柚子猫,7407,0
2026-05-04,9628524,捡到仇人的小妻子后,栖止不定,7414,27
2026-05-04,7328988,七零觉醒，缺德上大分,半秋山月,7806,0
2026-05-05,10304559,钓系Omega总想占有我,春归昼,7951,126
2026-05-05,9773492,寻真,红酒杯里装狗血,7128,90
2026-05-05,9628524,捡到仇人的小妻子后,栖止不定,7609,195
2026-05-06,10304559,钓系Omega总想占有我,春归昼,8089,138
2026-05-06,9773492,寻真,红酒杯里装狗血,7199,71
2026-05-06,9121068,娇妻决定离婚了,柚子猫,7457,0
2026-05-06,9628524,捡到仇人的小妻子后,栖止不定,7414,-195
2026-05-06,7328988,七零觉醒，缺德上大分,半秋山月,8038,0
2026-05-07,10304559,钓系Omega总想占有我,春归昼,8202,113
2026-05-07,9773492,寻真,红酒杯里装狗血,7236,37
2026-05-07,9121068,娇妻决定离婚了,柚子猫,7467,10
2026-05-07,7328988,七零觉醒，缺德上大分,半秋山月,8111,73
2026-05-08,10304559,钓系Omega总想占有我,春归昼,8307,105
2026-05-08,9773492,寻真,红酒杯里装狗血,7236,0
2026-05-08,9121068,娇妻决定离婚了,柚子猫,7478,11
2026-05-08,9628524,捡到仇人的小妻子后,栖止不定,7836,0
2026-05-08,7328988,七零觉醒，缺德上大分,半秋山月,8162,51
2026-05-09,10304559,钓系Omega总想占有我,春归昼,8391,84
2026-05-09,9773492,寻真,红酒杯里装狗血,7265,29
2026-05-09,9121068,娇妻决定离婚了,柚子猫,7478,0
2026-05-09,9628524,捡到仇人的小妻子后,栖止不定,7862,26
2026-05-09,7328988,七零觉醒，缺德上大分,半秋山月,8206,44
2026-05-10,9773492,寻真,红酒杯里装狗血,7283,18
2026-05-10,9121068,娇妻决定离婚了,柚子猫,7467,-11
2026-05-10,9628524,捡到仇人的小妻子后,栖止不定,7960,98
2026-05-10,7328988,七零觉醒，缺德上大分,半秋山月,8267,61
2026-05-11,10304559,钓系Omega总想占有我,春归昼,8595,0
2026-05-11,9773492,寻真,红酒杯里装狗血,7310,27
2026-05-11,9121068,娇妻决定离婚了,柚子猫,7512,45
2026-05-11,9628524,捡到仇人的小妻子后,栖止不定,7960,0
2026-05-11,7328988,七零觉醒，缺德上大分,半秋山月,8484,217
2026-05-12,9773492,寻真,红酒杯里装狗血,7236,-74
2026-05-12,9121068,娇妻决定离婚了,柚子猫,7520,8
2026-05-12,9628524,捡到仇人的小妻子后,栖止不定,7960,0
2026-05-12,7328988,七零觉醒，缺德上大分,半秋山月,8495,11
2026-05-13,10304559,钓系Omega总想占有我,春归昼,8760,0
2026-05-13,9773492,寻真,红酒杯里装狗血,7289,53
2026-05-13,9121068,娇妻决定离婚了,柚子猫,7524,4
2026-05-13,9628524,捡到仇人的小妻子后,栖止不定,7960,0
2026-05-13,7328988,七零觉醒，缺德上大分,半秋山月,8515,20
2026-05-14,10304559,钓系Omega总想占有我,春归昼,8868,108
2026-05-14,7328988,七零觉醒，缺德上大分,半秋山月,8555,40
2026-05-15,10304559,钓系Omega总想占有我,春归昼,8914,46
2026-05-15,7328988,七零觉醒，缺德上大分,半秋山月,8707,152
2026-05-16,10304559,钓系Omega总想占有我,春归昼,8965,51
2026-05-16,9773492,寻真,红酒杯里装狗血,7280,0
2026-05-16,9121068,娇妻决定离婚了,柚子猫,7535,0
2026-05-16,9628524,捡到仇人的小妻子后,栖止不定,8481,0
2026-05-16,7328988,七零觉醒，缺德上大分,半秋山月,8722,15
2026-05-17,10304559,钓系Omega总想占有我,春归昼,9038,73
2026-05-17,9773492,寻真,红酒杯里装狗血,7236,-44
2026-05-17,9121068,娇妻决定离婚了,柚子猫,7524,-11
2026-05-17,9628524,捡到仇人的小妻子后,栖止不定,8481,0
2026-05-17,7328988,七零觉醒，缺德上大分,半秋山月,8760,38
2026-05-18,10304559,钓系Omega总想占有我,春归昼,9096,58
2026-05-18,9773492,寻真,红酒杯里装狗血,7236,0
2026-05-18,9121068,娇妻决定离婚了,柚子猫,7512,-12
2026-05-18,9628524,捡到仇人的小妻子后,栖止不定,8556,75
2026-05-18,7328988,七零觉醒，缺德上大分,半秋山月,8779,19
2026-05-19,9773492,寻真,红酒杯里装狗血,7236,0
2026-05-19,9121068,娇妻决定离婚了,柚子猫,7562,50
2026-05-19,9628524,捡到仇人的小妻子后,栖止不定,8643,87
2026-05-25,10304559,钓系Omega总想占有我,春归昼,9640,0
2026-05-25,9773492,寻真,红酒杯里装狗血,7500,0
2026-05-25,9121068,娇妻决定离婚了,柚子猫,7600,0
2026-05-25,9628524,捡到仇人的小妻子后,栖止不定,8556,0
2026-05-25,7328988,七零觉醒，缺德上大分,半秋山月,8894,0
2026-05-26,10304559,钓系Omega总想占有我,春归昼,9761,121
2026-05-26,9773492,寻真,红酒杯里装狗血,7500,0
2026-05-26,9121068,娇妻决定离婚了,柚子猫,7680,80
2026-05-26,9628524,捡到仇人的小妻子后,栖止不定,8556,0
2026-05-26,7328988,七零觉醒，缺德上大分,半秋山月,8926,32
2026-05-27,10304559,钓系Omega总想占有我,春归昼,9962,201
2026-05-27,9773492,寻真,红酒杯里装狗血,7500,0
2026-05-27,7328988,七零觉醒，缺德上大分,半秋山月,8936,10
2026-05-28,10304559,钓系Omega总想占有我,春归昼,10006,44
2026-05-28,9773492,寻真,红酒杯里装狗血,7521,21
2026-05-28,9121068,娇妻决定离婚了,柚子猫,7716,0
2026-05-28,9628524,捡到仇人的小妻子后,栖止不定,8556,0
2026-05-28,7328988,七零觉醒，缺德上大分,半秋山月,8961,25
2026-05-29,10304559,钓系Omega总想占有我,春归昼,10091,85
2026-05-29,9773492,寻真,红酒杯里装狗血,7500,-21
2026-05-29,9121068,娇妻决定离婚了,柚子猫,7723,7
2026-05-29,9628524,捡到仇人的小妻子后,栖止不定,9156,600
2026-05-29,7328988,七零觉醒，缺德上大分,半秋山月,8999,38
2026-05-30,10304559,钓系Omega总想占有我,春归昼,10191,100
2026-05-30,9121068,娇妻决定离婚了,柚子猫,7680,-43
2026-05-30,9628524,捡到仇人的小妻子后,栖止不定,9193,37
2026-05-30,7328988,七零觉醒，缺德上大分,半秋山月,9052,53
2026-05-31,10304559,钓系Omega总想占有我,春归昼,10258,67
2026-05-31,9773492,寻真,红酒杯里装狗血,7500,0
2026-05-31,9121068,娇妻决定离婚了,柚子猫,7680,0
2026-05-31,9628524,捡到仇人的小妻子后,栖止不定,9224,31
2026-05-31,7328988,七零觉醒，缺德上大分,半秋山月,9113,61
2026-06-01,10304559,钓系Omega总想占有我,春归昼,10376,118
2026-06-01,9773492,寻真,红酒杯里装狗血,7551,51
2026-06-01,9121068,娇妻决定离婚了,柚子猫,7680,0
2026-06-01,9628524,捡到仇人的小妻子后,栖止不定,9281,57
2026-06-02,10304559,钓系Omega总想占有我,春归昼,10486,110
2026-06-02,9773492,寻真,红酒杯里装狗血,7559,8
2026-06-02,9121068,娇妻决定离婚了,柚子猫,7914,234
2026-06-02,9628524,捡到仇人的小妻子后,栖止不定,9298,17
2026-06-03,10304559,钓系Omega总想占有我,春归昼,10574,88
2026-06-03,9628524,捡到仇人的小妻子后,栖止不定,9319,21
2026-06-04,10304559,钓系Omega总想占有我,春归昼,10726,152
2026-06-04,9773492,寻真,红酒杯里装狗血,7500,0
2026-06-04,9121068,娇妻决定离婚了,柚子猫,7945,0
2026-06-04,9628524,捡到仇人的小妻子后,栖止不定,9338,19
2026-06-04,7328988,七零觉醒，缺德上大分,半秋山月,9357,0
2026-06-05,10304559,钓系Omega总想占有我,春归昼,10885,159
2026-06-05,9773492,寻真,红酒杯里装狗血,7500,0
2026-06-05,9121068,娇妻决定离婚了,柚子猫,7945,0
2026-06-05,9628524,捡到仇人的小妻子后,栖止不定,9319,-19
2026-06-05,7328988,七零觉醒，缺德上大分,半秋山月,9384,27
2026-06-06,10304559,钓系Omega总想占有我,春归昼,10726,-159
2026-06-06,9773492,寻真,红酒杯里装狗血,7500,0
2026-06-06,9121068,娇妻决定离婚了,柚子猫,7945,0
2026-06-07,10304559,钓系Omega总想占有我,春归昼,11039,313
2026-06-07,9121068,娇妻决定离婚了,柚子猫,7945,0
2026-06-07,9628524,捡到仇人的小妻子后,栖止不定,9319,0
2026-06-07,7328988,七零觉醒，缺德上大分,半秋山月,9410,0
2026-06-08,10304559,钓系Omega总想占有我,春归昼,11188,149
2026-06-08,9628524,捡到仇人的小妻子后,栖止不定,9319,0
2026-06-08,7328988,七零觉醒，缺德上大分,半秋山月,9458,48
2026-06-09,10304559,钓系Omega总想占有我,春归昼,11188,0
2026-06-09,9773492,寻真,红酒杯里装狗血,7500,0
2026-06-09,9121068,娇妻决定离婚了,柚子猫,7945,0
2026-06-09,9628524,捡到仇人的小妻子后,栖止不定,9319,0
2026-06-09,7328988,七零觉醒，缺德上大分,半秋山月,9477,19
2026-06-10,10304559,钓系Omega总想占有我,春归昼,11374,186
2026-06-10,9773492,寻真,红酒杯里装狗血,7638,138
2026-06-10,9121068,娇妻决定离婚了,柚子猫,7945,0
2026-06-10,9628524,捡到仇人的小妻子后,栖止不定,9319,0
2026-06-10,7328988,七零觉醒，缺德上大分,半秋山月,9494,17
2026-06-11,10304559,钓系Omega总想占有我,春归昼,11438,64
2026-06-11,9773492,寻真,红酒杯里装狗血,7643,5
2026-06-11,9121068,娇妻决定离婚了,柚子猫,8289,344
2026-06-11,7328988,七零觉醒，缺德上大分,半秋山月,9687,193
2026-06-12,10304559,钓系Omega总想占有我,春归昼,11511,73
2026-06-12,9773492,寻真,红酒杯里装狗血,7643,0
2026-06-12,9121068,娇妻决定离婚了,柚子猫,8289,0
2026-06-12,7328988,七零觉醒，缺德上大分,半秋山月,9710,23
2026-06-13,10304559,钓系Omega总想占有我,春归昼,11511,0
2026-06-13,9773492,寻真,红酒杯里装狗血,7663,20
2026-06-13,9121068,娇妻决定离婚了,柚子猫,8289,0
2026-06-13,9628524,捡到仇人的小妻子后,栖止不定,9319,0
2026-06-13,7328988,七零觉醒，缺德上大分,半秋山月,9737,27
2026-06-14,10304559,钓系Omega总想占有我,春归昼,11657,146
2026-06-14,9773492,寻真,红酒杯里装狗血,7668,5
2026-06-14,9121068,娇妻决定离婚了,柚子猫,8289,0
2026-06-14,9628524,捡到仇人的小妻子后,栖止不定,9525,206
2026-06-14,7328988,七零觉醒，缺德上大分,半秋山月,9764,27
2026-06-15,9773492,寻真,红酒杯里装狗血,7679,11
2026-06-15,9121068,娇妻决定离婚了,柚子猫,8289,0
2026-06-15,9628524,捡到仇人的小妻子后,栖止不定,9554,29
2026-06-15,7328988,七零觉醒，缺德上大分,半秋山月,9889,125
2026-06-16,10304559,钓系Omega总想占有我,春归昼,11757,0
2026-06-16,9773492,寻真,红酒杯里装狗血,7679,0
2026-06-16,9121068,娇妻决定离婚了,柚子猫,8602,313
2026-06-16,7328988,七零觉醒，缺德上大分,半秋山月,9978,89
2026-06-17,9121068,娇妻决定离婚了,柚子猫,8630,28
2026-06-18,10304559,钓系Omega总想占有我,春归昼,11848,0
2026-06-18,9773492,寻真,红酒杯里装狗血,7697,0
2026-06-18,9628524,捡到仇人的小妻子后,栖止不定,9319,0
2026-06-25,10304559,钓系Omega总想占有我,春归昼,12123,0
2026-06-25,9773492,寻真,红酒杯里装狗血,7709,0
2026-06-25,9121068,娇妻决定离婚了,柚子猫,9452,0
2026-06-25,9628524,捡到仇人的小妻子后,栖止不定,9319,0
2026-06-26,10304559,钓系Omega总想占有我,春归昼,12123,0
2026-06-26,9773492,寻真,红酒杯里装狗血,7760,51
2026-06-26,9121068,娇妻决定离婚了,柚子猫,9512,60
2026-06-26,9628524,捡到仇人的小妻子后,栖止不定,9319,0
2026-06-26,7328988,七零觉醒，缺德上大分,半秋山月,10141,0
2026-06-27,10304559,钓系Omega总想占有我,春归昼,12311,188
2026-06-27,9773492,寻真,红酒杯里装狗血,7768,8
2026-06-27,9628524,捡到仇人的小妻子后,栖止不定,9319,0
2026-06-27,7328988,七零觉醒，缺德上大分,半秋山月,10149,8
2026-06-28,10304559,钓系Omega总想占有我,春归昼,12311,0
2026-06-28,9773492,寻真,红酒杯里装狗血,7768,0
2026-06-28,9121068,娇妻决定离婚了,柚子猫,9512,0
2026-06-28,9628524,捡到仇人的小妻子后,栖止不定,9319,0
2026-06-28,7328988,七零觉醒，缺德上大分,半秋山月,10156,7
2026-06-29,10304559,钓系Omega总想占有我,春归昼,12123,-188
2026-06-29,9773492,寻真,红酒杯里装狗血,7787,19
2026-06-30,10304559,钓系Omega总想占有我,春归昼,12516,393
2026-06-30,9628524,捡到仇人的小妻子后,栖止不定,9693,0
2026-06-30,7328988,七零觉醒，缺德上大分,半秋山月,10179,0
2026-07-01,9773492,寻真,红酒杯里装狗血,7768,0
2026-07-01,9628524,捡到仇人的小妻子后,栖止不定,9319,-374
2026-07-02,10304559,钓系Omega总想占有我,春归昼,12539,0
2026-07-02,9773492,寻真,红酒杯里装狗血,7768,0
2026-07-02,9121068,娇妻决定离婚了,柚子猫,9724,0
2026-07-02,9628524,捡到仇人的小妻子后,栖止不定,9780,461
2026-07-03,10304559,钓系Omega总想占有我,春归昼,12123,-416
2026-07-03,9773492,寻真,红酒杯里装狗血,7802,34
2026-07-03,9121068,娇妻决定离婚了,柚子猫,9512,-212
2026-07-03,9628524,捡到仇人的小妻子后,栖止不定,9780,0
2026-07-03,7328988,七零觉醒，缺德上大分,半秋山月,10201,0
2026-07-04,10304559,钓系Omega总想占有我,春归昼,12659,536
2026-07-04,9773492,寻真,红酒杯里装狗血,7768,-34
2026-07-04,9121068,娇妻决定离婚了,柚子猫,9512,0
2026-07-04,9628524,捡到仇人的小妻子后,栖止不定,9821,41
2026-07-04,7328988,七零觉醒，缺德上大分,半秋山月,10210,9
2026-07-05,9773492,寻真,红酒杯里装狗血,7768,0
2026-07-05,9628524,捡到仇人的小妻子后,栖止不定,9829,8
2026-07-05,7328988,七零觉醒，缺德上大分,半秋山月,10217,7
2026-07-06,10304559,钓系Omega总想占有我,春归昼,12123,0
2026-07-06,9773492,寻真,红酒杯里装狗血,7820,52
2026-07-06,9121068,娇妻决定离婚了,柚子猫,9512,0
2026-07-06,7328988,七零觉醒，缺德上大分,半秋山月,10231,14
2026-07-07,10304559,钓系Omega总想占有我,春归昼,13262,1139
2026-07-08,10304559,钓系Omega总想占有我,春归昼,12123,-1139
2026-07-08,9121068,娇妻决定离婚了,柚子猫,9512,0
2026-07-08,9628524,捡到仇人的小妻子后,栖止不定,9780,0
2026-07-08,7328988,七零觉醒，缺德上大分,半秋山月,10252,0
2026-07-09,9773492,寻真,红酒杯里装狗血,7768,0
2026-07-09,9121068,娇妻决定离婚了,柚子猫,9957,445
2026-07-09,9628524,捡到仇人的小妻子后,栖止不定,9780,0
2026-07-09,7328988,七零觉醒，缺德上大分,半秋山月,10261,9
2026-07-10,10304559,钓系Omega总想占有我,春归昼,13588,0
2026-07-10,9773492,寻真,红酒杯里装狗血,7768,0
2026-07-10,9121068,娇妻决定离婚了,柚子猫,9512,-445
2026-07-10,9628524,捡到仇人的小妻子后,栖止不定,9780,0
2026-07-10,7328988,七零觉醒，缺德上大分,半秋山月,10282,21
2026-07-11,10304559,钓系Omega总想占有我,春归昼,12123,-1465
2026-07-11,9773492,寻真,红酒杯里装狗血,7768,0
2026-07-11,9121068,娇妻决定离婚了,柚子猫,9617,105
2026-07-11,9628524,捡到仇人的小妻子后,栖止不定,9780,0
2026-07-11,7328988,七零觉醒，缺德上大分,半秋山月,10310,28
2026-07-12,10304559,钓系Omega总想占有我,春归昼,12123,0
2026-07-12,9773492,寻真,红酒杯里装狗血,7830,62
2026-07-12,9121068,娇妻决定离婚了,柚子猫,9512,-105
2026-07-12,9628524,捡到仇人的小妻子后,栖止不定,9780,0
2026-07-12,7328988,七零觉醒，缺德上大分,半秋山月,10440,130
2026-07-13,10304559,钓系Omega总想占有我,春归昼,12123,0
2026-07-13,9773492,寻真,红酒杯里装狗血,7871,41
2026-07-13,9121068,娇妻决定离婚了,柚子猫,9512,0
2026-07-13,7328988,七零觉醒，缺德上大分,半秋山月,10500,60
2026-07-14,10304559,钓系Omega总想占有我,春归昼,12123,0
2026-07-14,9628524,捡到仇人的小妻子后,栖止不定,9780,0
2026-07-14,7328988,七零觉醒，缺德上大分,半秋山月,10546,46
2026-07-15,9773492,寻真,红酒杯里装狗血,7768,0
2026-07-15,9121068,娇妻决定离婚了,柚子猫,9512,0
2026-07-15,9628524,捡到仇人的小妻子后,栖止不定,9780,0
2026-07-15,7328988,七零觉醒，缺德上大分,半秋山月,10561,15
2026-07-16,10304559,钓系Omega总想占有我,春归昼,13394,0
2026-07-16,9773492,寻真,红酒杯里装狗血,7883,115
2026-07-16,9121068,娇妻决定离婚了,柚子猫,10022,510
2026-07-16,7328988,七零觉醒，缺德上大分,半秋山月,10707,146
2026-07-17,10304559,钓系Omega总想占有我,春归昼,13394,0
2026-07-17,9773492,寻真,红酒杯里装狗血,7905,22
2026-07-17,9121068,娇妻决定离婚了,柚子猫,9512,-510
2026-07-17,9628524,捡到仇人的小妻子后,栖止不定,9780,0
2026-07-17,7328988,七零觉醒，缺德上大分,半秋山月,10718,11
2026-07-18,10304559,钓系Omega总想占有我,春归昼,13394,0
2026-07-18,9773492,寻真,红酒杯里装狗血,7940,35
2026-07-18,9628524,捡到仇人的小妻子后,栖止不定,9780,0
2026-07-18,7328988,七零觉醒，缺德上大分,半秋山月,10720,2
2026-07-19,9773492,寻真,红酒杯里装狗血,7871,-69
2026-07-19,9628524,捡到仇人的小妻子后,栖止不定,9780,0
2026-07-19,7328988,七零觉醒，缺德上大分,半秋山月,10721,1
2026-07-20,10304559,钓系Omega总想占有我,春归昼,13394,0
2026-07-20,9121068,娇妻决定离婚了,柚子猫,9512,0
2026-07-20,9628524,捡到仇人的小妻子后,栖止不定,9780,0
2026-07-25,10304559,钓系Omega总想占有我,春归昼,13083,0
2026-07-25,9773492,寻真,红酒杯里装狗血,7768,0
2026-07-25,9628524,捡到仇人的小妻子后,栖止不定,9858,0
2026-07-26,10304559,钓系Omega总想占有我,春归昼,13394,311
2026-07-26,9121068,娇妻决定离婚了,柚子猫,9512,0
2026-07-26,7328988,七零觉醒，缺德上大分,半秋山月,10757,0
2026-07-27,10304559,钓系Omega总想占有我,春归昼,13394,0
2026-07-27,9773492,寻真,红酒杯里装狗血,7768,0
2026-07-27,9121068,娇妻决定离婚了,柚子猫,9512,0
2026-07-27,9628524,捡到仇人的小妻子后,栖止不定,9780,0
2026-07-27,7328988,七零觉醒，缺德上大分,半秋山月,10757,0
2026-07-28,10304559,钓系Omega总想占有我,春归昼,13394,0
2026-07-28,9773492,寻真,红酒杯里装狗血,7768,0
2026-07-28,9121068,娇妻决定离婚了,柚子猫,10212,700
2026-07-28,9628524,捡到仇人的小妻子后,栖止不定,9917,137
2026-07-28,7328988,七零觉醒，缺德上大分,半秋山月,10774,17
2026-07-29,10304559,钓系Omega总想占有我,春归昼,14463,1069
2026-07-29,9773492,寻真,红酒杯里装狗血,7830,62
2026-07-29,9121068,娇妻决定离婚了,柚子猫,9512,-700
2026-07-29,9628524,捡到仇人的小妻子后,栖止不定,9917,0
2026-07-29,7328988,七零觉醒，缺德上大分,半秋山月,10782,8
2026-07-30,10304559,钓系Omega总想占有我,春归昼,12659,-1804
2026-07-30,9773492,寻真,红酒杯里装狗血,8011,181
2026-07-30,9121068,娇妻决定离婚了,柚子猫,10055,543
2026-07-30,9628524,捡到仇人的小妻子后,栖止不定,9917,0
2026-07-30,7328988,七零觉醒，缺德上大分,半秋山月,10785,3
2026-07-31,10304559,钓系Omega总想占有我,春归昼,14463,1804
2026-07-31,9121068,娇妻决定离婚了,柚子猫,9512,-543
2026-07-31,9628524,捡到仇人的小妻子后,栖止不定,9780,-137
2026-07-31,7328988,七零觉醒，缺德上大分,半秋山月,10785,0
2026-08-01,10304559,钓系Omega总想占有我,春归昼,14463,0
2026-08-01,9773492,寻真,红酒杯里装狗血,8023,0
2026-08-01,9121068,娇妻决定离婚了,柚子猫,10263,751
2026-08-01,9628524,捡到仇人的小妻子后,栖止不定,10137,357
2026-08-01,7328988,七零觉醒，缺德上大分,半秋山月,10809,24
2026-08-02,10304559,钓系Omega总想占有我,春归昼,14463,0
2026-08-02,9773492,寻真,红酒杯里装狗血,8023,0
2026-08-02,9121068,娇妻决定离婚了,柚子猫,9512,-751
2026-08-02,9628524,捡到仇人的小妻子后,栖止不定,10137,0
2026-08-02,7328988,七零觉醒，缺德上大分,半秋山月,10809,0
2026-08-03,10304559,钓系Omega总想占有我,春归昼,14463,0
2026-08-03,9121068,娇妻决定离婚了,柚子猫,9512,0
2026-08-03,9628524,捡到仇人的小妻子后,栖止不定,9780,-357
2026-08-04,10304559,钓系Omega总想占有我,春归昼,13394,-1069
2026-08-04,9773492,寻真,红酒杯里装狗血,7871,0
2026-08-04,9121068,娇妻决定离婚了,柚子猫,9512,0
2026-08-04,9628524,捡到仇人的小妻子后,栖止不定,9780,0
2026-08-04,7328988,七零觉醒，缺德上大分,半秋山月,10814,0
2026-08-05,10304559,钓系Omega总想占有我,春归昼,14463,1069
2026-08-05,9773492,寻真,红酒杯里装狗血,7830,-41
2026-08-05,9121068,娇妻决定离婚了,柚子猫,9512,0
2026-08-05,9628524,捡到仇人的小妻子后,栖止不定,10236,456
2026-08-05,7328988,七零觉醒，缺德上大分,半秋山月,10817,3
2026-08-06,9773492,寻真,红酒杯里装狗血,7830,0
2026-08-06,9121068,娇妻决定离婚了,柚子猫,10278,766
2026-08-06,9628524,捡到仇人的小妻子后,栖止不定,9780,-456
2026-08-06,7328988,七零觉醒，缺德上大分,半秋山月,10822,5
2026-08-07,10304559,钓系Omega总想占有我,春归昼,14888,0
2026-08-07,9773492,寻真,红酒杯里装狗血,8054,224
2026-08-07,9121068,娇妻决定离婚了,柚子猫,10320,42
2026-08-07,9628524,捡到仇人的小妻子后,栖止不定,10297,517
2026-08-07,7328988,七零觉醒，缺德上大分,半秋山月,10822,0
